SEQ_KEY,ORDEM,VARIACAO_IMXIC,DIF_CUSTO_P_x_R,MAT_DIF_PERCENTUAL,TAXA_MAQUINA_FIXA,TAXA_MO_FIXA,TAXA_FIXA_VAR_MO,MO_VALOR,HR_MAQ_VALOR,HR_EXC_VLR,HR_CONFIG_VLR,MO_VARIACAO,EXTERNA_OPERACAO,True_OUTCOME,Predicted_OUTCOME
429952,536382,0.026912177461788356,-0.027433420509427233,-0.02284230054288286,0.5051023844208025,0.4334139933404926,-0.011934854066551679,0.011762575824857981,-0.009629674699950738,-0.0015109618688328513,0.0715653474473683,-0.012839410643667839,0.03462717981928673,APROVADO COM JUSTIFICATIVA SETOR CUSTOS,REQUER JUSTIFICATIVA FABRICA
418279,529646,0.026912177461788356,-0.02824294461215792,-0.018354956124210845,-0.7410891756954432,-0.12230588567813795,-0.011934854066551679,-0.09109595458238962,-0.07172309535548195,-0.006861163263676333,0.0715653474473683,-0.012839410643667839,0.03462717981928673,REQUER JUSTIFICATIVA FABRICA,APROVADO COM JUSTIFICATIVA SETOR CUSTOS
404785,508931,0.026912177461788356,-0.02824294461215792,-0.02396413664755086,1.4481662677520153,1.8390583932111464,-0.011934854066551679,0.011762575824857981,-0.009629674699950738,0.0179187168808619,0.0715653474473683,-0.012839410643667839,0.03462717981928673,REQUER JUSTIFICATIVA FABRICA,APROVADO AUTOMATICAMENTE
426122,534253,0.026912177461788356,-0.026623896406696542,-0.018354956124210845,0.10093214870742549,0.008451732914480974,-0.011934854066551679,0.062097601343298295,-0.01708088517861448,-0.0209406406185276,-0.2202234962087326,-0.012839410643667839,0.03462717981928673,APROVADO COM JUSTIFICATIVA SETOR CUSTOS,REQUER JUSTIFICATIVA FABRICA
486697,573158,0.026912177461788356,-0.024195324098504476,-0.018354956124210845,0.5051023844208025,0.4334139933404926,-0.011934854066551679,-0.034195490952848386,-0.009629674699950738,0.01059738865633924,0.0715653474473683,-0.012839410643667839,0.03462717981928673,APROVADO COM JUSTIFICATIVA SETOR CUSTOS,REQUER JUSTIFICATIVA FABRICA
439242,543027,0.026912177461788356,-0.037957233844926185,-0.0340606615895629,0.303017266564114,0.2045881608034094,-0.011934854066551679,-0.0035567797677108107,-0.10152793727013693,-0.020659051071430574,-0.2202234962087326,-0.012839410643667839,0.03462717981928673,APROVADO COM JUSTIFICATIVA SETOR CUSTOS,APROVADO AUTOMATICAMENTE
420420,532544,0.026912177461788356,-0.07681439077599922,-0.09015246682296307,-0.7410891756954432,-0.12230588567813795,-0.011934854066551679,0.0248934520470598,0.1567806926568729,0.030308656953131015,0.0715653474473683,-0.012839410643667839,0.03462717981928673,REQUER JUSTIFICATIVA FABRICA,APROVADO COM JUSTIFICATIVA SETOR CUSTOS
412285,524790,0.026912177461788356,-0.027433420509427233,-0.018354956124210845,-0.9768551465282465,-0.4165105275115306,-0.011934854066551679,-0.10203835143422448,-0.11891409505368565,-0.014745670582393044,0.0715653474473683,-0.012839410643667839,0.03462717981928673,REQUER JUSTIFICATIVA FABRICA,APROVADO COM JUSTIFICATIVA SETOR CUSTOS
422618,533004,0.026912177461788356,-0.024195324098504476,-0.01723312001954284,-0.6737274697432138,-0.02423767173367375,-0.011934854066551679,-0.08890747521202264,-0.09407672679147318,-0.010521827375937664,0.0715653474473683,-0.012839410643667839,0.03462717981928673,REQUER JUSTIFICATIVA FABRICA,APROVADO COM JUSTIFICATIVA SETOR CUSTOS
421033,532335,0.026912177461788356,-0.08248105949511404,-0.0968834834509711,-0.6737274697432138,-0.02423767173367375,-0.011934854066551679,-0.10203835143422448,-0.10649541092257943,-0.012492954205616842,0.0715653474473683,-0.012839410643667839,0.03462717981928673,REQUER JUSTIFICATIVA FABRICA,APROVADO COM JUSTIFICATIVA SETOR CUSTOS
431285,536937,0.026912177461788356,-0.026623896406696542,-0.018354956124210845,0.5051023844208025,0.4334139933404926,-0.011934854066551679,-0.1720696912859675,-0.009629674699950738,-0.037272834350155076,0.0715653474473683,-0.012839410643667839,0.03462717981928673,CUSTO NÃO APROVADO,REQUER JUSTIFICATIVA FABRICA
438844,543756,0.026912177461788356,-0.044433426666771685,-0.04527902263624293,0.9429534731102942,0.891065658414659,-0.011934854066551679,-0.042949408434316265,-0.056820674398154455,-0.013056133299810892,0.0715653474473683,-0.012839410643667839,0.03462717981928673,REQUER JUSTIFICATIVA FABRICA,APROVADO AUTOMATICAMENTE
420293,532620,0.026912177461788356,-0.04119533025584893,-0.0351824976942309,-0.7410891756954432,-0.12230588567813795,-0.011934854066551679,-0.1304885832489951,-0.1934261998403231,-0.022066998806915705,0.0715653474473683,-0.012839410643667839,0.03462717981928673,CUSTO NÃO APROVADO,APROVADO AUTOMATICAMENTE
473947,564367,0.026912177461788356,-0.07357629436507648,-0.08790879461362706,-0.6063657637909843,-0.7107151693449233,-0.011934854066551679,0.0008201789730231335,-0.08165804266036693,-0.018687924241751402,-0.2202234962087326,-0.012839410643667839,0.03462717981928673,REQUER JUSTIFICATIVA FABRICA,APROVADO COM JUSTIFICATIVA SETOR CUSTOS
483640,570633,0.026912177461788356,-0.03957628205038755,-0.03742616990356691,-0.4716423518865253,-0.5145787414559948,-0.011934854066551679,-0.13267706261936202,-0.1363002528372344,-0.02966991657853539,0.0715653474473683,-0.012839410643667839,0.03462717981928673,APROVADO COM JUSTIFICATIVA SETOR CUSTOS,APROVADO AUTOMATICAMENTE
476187,566042,0.026912177461788356,-0.044433426666771685,-0.049766367054914946,-0.774770028671558,-0.8087833832893875,-0.011934854066551679,0.016139534565591918,0.28096753396793533,0.0027128813376225283,0.0715653474473683,-0.012839410643667839,0.03462717981928673,REQUER JUSTIFICATIVA FABRICA,APROVADO AUTOMATICAMENTE
455619,553971,0.026912177461788356,-0.044433426666771685,-0.04640085874091093,-0.1685146751014925,-0.4165105275115306,-0.011934854066551679,0.11243262686173862,0.11704090343733292,-0.006016394622385258,-0.2202234962087326,-0.012839410643667839,0.03462717981928673,APROVADO COM JUSTIFICATIVA SETOR CUSTOS,APROVADO AUTOMATICAMENTE
430563,540387,0.026912177461788356,-0.027433420509427233,-0.02396413664755086,-0.8758125875999023,-0.2857529089189117,-0.011934854066551679,-0.02325309410101354,0.03756132499825298,0.010878978203436264,0.0715653474473683,-0.012839410643667839,0.03462717981928673,APROVADO COM JUSTIFICATIVA SETOR CUSTOS,REQUER JUSTIFICATIVA FABRICA
425546,534354,0.026912177461788356,-0.025004848201235164,-0.014989447810206833,-0.774770028671558,-0.12230588567813795,-0.011934854066551679,-0.1436194594711969,-0.12388156870612815,-0.02291176744820678,0.0715653474473683,-0.012839410643667839,0.03462717981928673,APROVADO COM JUSTIFICATIVA SETOR CUSTOS,REQUER JUSTIFICATIVA FABRICA
410295,526376,0.026912177461788356,-0.044433426666771685,-0.04752269484557894,-0.3032380870059515,-0.4165105275115306,-0.011934854066551679,0.02270497267669283,-0.009629674699950738,-0.008550700546258486,0.0715653474473683,-0.012839410643667839,0.03462717981928673,REQUER JUSTIFICATIVA FABRICA,APROVADO AUTOMATICAMENTE
434926,539835,0.026912177461788356,-0.037147709742195494,-0.027329644961554874,0.9429534731102942,0.891065658414659,-0.011934854066551679,-0.016687655989912623,-0.06178814805059695,-0.014464081035296018,-0.07141118594412114,-0.012839410643667839,0.03462717981928673,APROVADO COM JUSTIFICATIVA SETOR CUSTOS,APROVADO AUTOMATICAMENTE
480698,568095,0.026912177461788356,-0.026623896406696542,-0.04191351432223892,-0.10115296914926304,-0.18768469497444745,-0.011934854066551679,1.031593962415866,0.8447757935201586,0.0945110736912528,0.0715653474473683,-0.012839410643667839,0.03462717981928673,APROVADO COM JUSTIFICATIVA SETOR CUSTOS,REQUER JUSTIFICATIVA FABRICA
472037,550614,0.026912177461788356,-0.11162392719341883,-0.0351824976942309,0.47142153144468774,0.17189875615525468,-0.011934854066551679,0.0467782457507295,-0.009629674699950738,-0.009113879640452537,0.0715653474473683,-0.012839410643667839,-3.0624630142833174,CUSTO NÃO APROVADO,APROVADO COM JUSTIFICATIVA SETOR CUSTOS
484562,570370,0.026912177461788356,-0.06871914974869234,-0.08790879461362706,0.5051023844208025,0.4334139933404926,-0.011934854066551679,0.027081931417426774,-0.03446704296216322,-0.009958648281743613,0.12116945086890546,-0.012839410643667839,0.03462717981928673,REQUER JUSTIFICATIVA FABRICA,APROVADO COM JUSTIFICATIVA SETOR CUSTOS
491677,575563,0.026912177461788356,-0.044433426666771685,-0.05986289199692698,0.13461300168354023,0.04114113756263572,-0.011934854066551679,0.062097601343298295,0.03507758817203173,-0.00404526779270608,-0.021807082522583995,-0.012839410643667839,0.03462717981928673,APROVADO COM JUSTIFICATIVA SETOR CUSTOS,APROVADO AUTOMATICAMENTE
435304,538109,0.026912177461788356,-0.025004848201235164,-0.01723312001954284,0.9429534731102942,0.891065658414659,-0.011934854066551679,0.02927041078779374,0.03756132499825298,-0.016998386959169248,-0.2202234962087326,-0.012839410643667839,0.03462717981928673,APROVADO COM JUSTIFICATIVA SETOR CUSTOS,REQUER JUSTIFICATIVA FABRICA
409750,523868,0.026912177461788356,-0.044433426666771685,-0.04640085874091093,-0.3032380870059515,-0.4165105275115306,-0.011934854066551679,-0.029818532212114442,-0.009629674699950738,-0.015308849676587095,0.0715653474473683,-0.012839410643667839,0.03462717981928673,REQUER JUSTIFICATIVA FABRICA,APROVADO COM JUSTIFICATIVA SETOR CUSTOS
464090,558531,0.026912177461788356,-0.044433426666771685,-0.04752269484557894,-0.1685146751014925,-0.4165105275115306,-0.011934854066551679,0.09273631252843587,0.022658904040925493,-0.00404526779270608,0.0715653474473683,-0.012839410643667839,0.03462717981928673,APROVADO COM JUSTIFICATIVA SETOR CUSTOS,APROVADO AUTOMATICAMENTE
497261,578840,0.026912177461788356,-0.044433426666771685,-0.04640085874091093,0.10093214870742549,-0.02423767173367375,-0.011934854066551679,-0.012310697249178692,-0.09407672679147318,-0.021503819712721653,-0.2202234962087326,-0.012839410643667839,0.03462717981928673,CUSTO NÃO APROVADO,APROVADO COM JUSTIFICATIVA SETOR CUSTOS
402006,513254,0.026912177461788356,-0.02824294461215792,-0.025085972752218865,-0.3369189399820662,-0.4491999321596854,-0.011934854066551679,-0.027630052841747483,0.15926442948309416,0.01313169458021247,0.0715653474473683,-0.012839410643667839,0.03462717981928673,APROVADO COM JUSTIFICATIVA SETOR CUSTOS,APROVADO AUTOMATICAMENTE
476886,564121,0.026912177461788356,-0.04200485435857962,-0.04640085874091093,-0.2695572340298367,-0.35113171821522116,-0.011934854066551679,0.3400344813799035,0.18410179774530663,-0.013337722846907919,-0.2202234962087326,-0.012839410643667839,0.03462717981928673,CUSTO NÃO APROVADO,APROVADO AUTOMATICAMENTE
404274,516163,0.026912177461788356,-0.044433426666771685,-0.04752269484557894,1.4481662677520153,1.8390583932111464,-0.011934854066551679,-0.04951484654541718,-0.027015832483499477,0.0027128813376225283,0.0715653474473683,-0.012839410643667839,0.03462717981928673,REQUER JUSTIFICATIVA FABRICA,APROVADO AUTOMATICAMENTE
406213,520057,0.026912177461788356,-0.07600486667326854,-0.060984728101594984,-0.43796149891041053,-0.5799575507523044,-0.011934854066551679,-0.13924250073046296,-0.1661050947518894,-0.026290842013371084,0.0715653474473683,-0.012839410643667839,0.03462717981928673,APROVADO COM JUSTIFICATIVA SETOR CUSTOS,REQUER JUSTIFICATIVA FABRICA
404966,516929,0.026912177461788356,-0.044433426666771685,-0.04415718653157493,1.4481662677520153,1.8390583932111464,-0.011934854066551679,-0.08890747521202264,-0.09904420044391568,-0.020377461524333552,-0.2202234962087326,-0.012839410643667839,0.03462717981928673,REQUER JUSTIFICATIVA FABRICA,APROVADO AUTOMATICAMENTE
410873,518548,0.026912177461788356,-0.044433426666771685,-0.04640085874091093,-0.3032380870059515,-0.4165105275115306,-0.011934854066551679,0.011762575824857981,-0.014597148352393235,-0.00826911099916146,-0.2202234962087326,-0.012839410643667839,0.03462717981928673,REQUER JUSTIFICATIVA FABRICA,APROVADO AUTOMATICAMENTE
402590,515023,0.026912177461788356,-0.027433420509427233,-0.021720464438214855,1.4481662677520153,1.8390583932111464,-0.011934854066551679,-0.04951484654541718,-0.009629674699950738,-0.001792551415929877,0.0715653474473683,-0.012839410643667839,0.03462717981928673,APROVADO COM JUSTIFICATIVA SETOR CUSTOS,REQUER JUSTIFICATIVA FABRICA
427411,526954,0.02685775018780931,-0.03310008922854205,-0.0351824976942309,0.47142153144468774,0.17189875615525468,-0.011934854066551679,0.0467782457507295,-0.009629674699950738,-0.009113879640452537,0.0715653474473683,-0.012839410643667839,0.09656898370133882,CUSTO NÃO APROVADO,APROVADO AUTOMATICAMENTE
454057,551644,0.026912177461788356,-0.044433426666771685,-0.04640085874091093,-0.13483382212537773,-0.38382112286337594,-0.011934854066551679,-0.04513788780468324,-0.009629674699950738,-0.016998386959169248,0.0715653474473683,-0.012839410643667839,0.03462717981928673,REQUER JUSTIFICATIVA FABRICA,APROVADO COM JUSTIFICATIVA SETOR CUSTOS
434940,539654,0.026912177461788356,-0.027433420509427233,-0.02284230054288286,0.9429534731102942,0.891065658414659,-0.011934854066551679,0.005197137713757072,-0.009629674699950738,0.0007417545079433506,0.0715653474473683,-0.012839410643667839,0.03462717981928673,CUSTO NÃO APROVADO,REQUER JUSTIFICATIVA FABRICA
429865,532272,0.026912177461788356,-0.025004848201235164,-0.02059862833354685,0.5051023844208025,0.4334139933404926,-0.011934854066551679,0.083982395046968,0.030110114519589237,-0.003482088698512029,0.16493777741732057,-0.012839410643667839,0.03462717981928673,APROVADO COM JUSTIFICATIVA SETOR CUSTOS,REQUER JUSTIFICATIVA FABRICA
417003,529050,0.026912177461788356,-0.044433426666771685,-0.04640085874091093,-0.13483382212537773,-0.25306350427075697,-0.011934854066551679,-0.03857244969358233,-0.009629674699950738,-0.015590439223684121,0.0715653474473683,-0.012839410643667839,0.03462717981928673,APROVADO AUTOMATICAMENTE,APROVADO COM JUSTIFICATIVA SETOR CUSTOS
431305,518297,0.026912177461788356,-0.025004848201235164,-0.02059862833354685,0.5051023844208025,0.4334139933404926,-0.011934854066551679,0.04458976638036253,-0.009629674699950738,0.0015865231492344276,0.0715653474473683,-0.012839410643667839,0.03462717981928673,CUSTO NÃO APROVADO,REQUER JUSTIFICATIVA FABRICA
478748,566877,0.026912177461788356,-0.07357629436507648,-0.08790879461362706,-0.10115296914926304,-0.18768469497444745,-0.011934854066551679,-0.03200701158248142,-0.08165804266036693,-0.018687924241751402,-0.2202234962087326,-0.012839410643667839,0.03462717981928673,REQUER JUSTIFICATIVA FABRICA,APROVADO COM JUSTIFICATIVA SETOR CUSTOS
413603,527280,0.026912177461788356,-0.027433420509427233,-0.01723312001954284,-1.0105359995043612,-0.48188933680784013,-0.011934854066551679,-0.1436194594711969,-0.1462352001421194,-0.02544607337208001,0.0715653474473683,-0.012839410643667839,0.03462717981928673,APROVADO COM JUSTIFICATIVA SETOR CUSTOS,REQUER JUSTIFICATIVA FABRICA
441220,544851,0.026912177461788356,-0.026623896406696542,-0.021720464438214855,-0.8421317346237875,-0.25306350427075697,-0.011934854066551679,-0.047326367175050205,0.01024021990981925,0.006655134996980886,0.0715653474473683,-0.012839410643667839,0.03462717981928673,CUSTO NÃO APROVADO,REQUER JUSTIFICATIVA FABRICA
488720,573469,0.026912177461788356,-0.044433426666771685,-0.049766367054914946,0.5051023844208025,0.4334139933404926,-0.011934854066551679,-0.062645722767619,-0.08165804266036693,-0.020377461524333552,-0.2202234962087326,-0.012839410643667839,0.03462717981928673,APROVADO COM JUSTIFICATIVA SETOR CUSTOS,APROVADO AUTOMATICAMENTE
466271,559420,0.026912177461788356,-0.08976677641969025,-0.10922368060231914,-0.1685146751014925,-0.4165105275115306,-0.011934854066551679,-0.09328443395275658,-0.009629674699950738,-0.025727662919177035,0.0715653474473683,-0.012839410643667839,0.03462717981928673,CUSTO NÃO APROVADO,APROVADO COM JUSTIFICATIVA SETOR CUSTOS
454772,551100,0.026912177461788356,-0.044433426666771685,-0.04527902263624293,-0.1685146751014925,-0.4165105275115306,-0.011934854066551679,0.04458976638036253,-0.04688572709326946,-0.023193356995303806,-0.2202234962087326,-0.012839410643667839,0.03462717981928673,CUSTO NÃO APROVADO,APROVADO COM JUSTIFICATIVA SETOR CUSTOS
427300,527729,0.026912177461788356,-0.025004848201235164,-0.014989447810206833,-0.774770028671558,-0.12230588567813795,-0.011934854066551679,-0.1436194594711969,-0.11891409505368565,-0.022630177901109754,0.0715653474473683,-0.012839410643667839,0.03462717981928673,APROVADO COM JUSTIFICATIVA SETOR CUSTOS,REQUER JUSTIFICATIVA FABRICA
416104,529352,0.026912177461788356,-0.07762391487872991,-0.09239613903229908,-1.0105359995043612,-0.48188933680784013,-0.011934854066551679,-0.07796507836018778,-0.0791743058341457,-0.007987521452064435,0.0715653474473683,-0.012839410643667839,0.03462717981928673,REQUER JUSTIFICATIVA FABRICA,APROVADO COM JUSTIFICATIVA SETOR CUSTOS
430045,532276,0.026912177461788356,-0.02824294461215792,-0.026207808856886866,0.5051023844208025,0.4334139933404926,-0.011934854066551679,0.062097601343298295,-0.009629674699950738,0.0060919559027868345,0.0715653474473683,-0.012839410643667839,0.03462717981928673,APROVADO COM JUSTIFICATIVA SETOR CUSTOS,APROVADO AUTOMATICAMENTE
472042,550614,0.026912177461788356,-0.11162392719341883,-0.0351824976942309,0.47142153144468774,0.17189875615525468,-0.011934854066551679,0.0467782457507295,-0.009629674699950738,-0.009113879640452537,0.0715653474473683,-0.012839410643667839,-3.0624630142833174,CUSTO NÃO APROVADO,APROVADO COM JUSTIFICATIVA SETOR CUSTOS
476055,565259,0.026912177461788356,-0.07276677026234579,-0.08790879461362706,-0.2695572340298367,-0.35113171821522116,-0.011934854066551679,-0.014499176619545664,-0.0742068321817032,-0.017843155600460327,-0.2202234962087326,-0.012839410643667839,0.03462717981928673,REQUER JUSTIFICATIVA FABRICA,APROVADO COM JUSTIFICATIVA SETOR CUSTOS
493758,575913,0.026912177461788356,-0.044433426666771685,-0.03181698938022688,0.03357044275519599,-0.08961648102998324,-0.011934854066551679,-0.042949408434316265,-0.06178814805059695,-0.021222230165624627,-0.2202234962087326,-0.012839410643667839,0.03462717981928673,APROVADO COM JUSTIFICATIVA SETOR CUSTOS,APROVADO AUTOMATICAMENTE
404567,517597,0.026912177461788356,-0.02824294461215792,-0.027329644961554874,-0.3369189399820662,-0.4491999321596854,-0.011934854066551679,0.04458976638036253,0.3157398495350328,0.031998194235713165,0.0715653474473683,-0.012839410643667839,0.03462717981928673,APROVADO COM JUSTIFICATIVA SETOR CUSTOS,REQUER JUSTIFICATIVA FABRICA
471293,563406,0.026912177461788356,-0.03471913743400343,-0.03181698938022688,-0.7074083227193284,-0.7434045739930781,-0.011934854066551679,-0.134865541989729,-0.1363002528372344,-0.022630177901109754,0.0715653474473683,-0.012839410643667839,0.03462717981928673,CUSTO NÃO APROVADO,APROVADO AUTOMATICAMENTE
452755,549415,0.026912177461788356,-0.044433426666771685,-0.04640085874091093,-0.13483382212537773,-0.38382112286337594,-0.011934854066551679,-0.047326367175050205,-0.009629674699950738,-0.017279976506266274,0.0715653474473683,-0.012839410643667839,0.03462717981928673,REQUER JUSTIFICATIVA FABRICA,APROVADO COM JUSTIFICATIVA SETOR CUSTOS
495982,577176,0.026912177461788356,-0.044433426666771685,-0.04527902263624293,0.03357044275519599,-0.08961648102998324,-0.011934854066551679,-0.062645722767619,-0.09656046361769442,-0.022066998806915705,-0.2202234962087326,-0.012839410643667839,0.03462717981928673,APROVADO COM JUSTIFICATIVA SETOR CUSTOS,APROVADO AUTOMATICAMENTE
402412,514925,0.026912177461788356,-0.024195324098504476,-0.018354956124210845,1.4481662677520153,1.8390583932111464,-0.011934854066551679,-0.01012221787881172,-0.009629674699950738,0.00749990363827196,0.0715653474473683,-0.012839410643667839,0.03462717981928673,APROVADO COM JUSTIFICATIVA SETOR CUSTOS,REQUER JUSTIFICATIVA FABRICA
487977,573744,0.026912177461788356,-0.037957233844926185,-0.036304333798898906,0.5051023844208025,0.4334139933404926,-0.011934854066551679,-0.025441573471380513,-0.06178814805059695,-0.021222230165624627,-0.2202234962087326,-0.012839410643667839,0.03462717981928673,CUSTO NÃO APROVADO,APROVADO AUTOMATICAMENTE
465611,560108,0.026912177461788356,-0.044433426666771685,-0.04640085874091093,-0.1685146751014925,-0.4165105275115306,-0.011934854066551679,-0.040760929063949305,-0.009629674699950738,-0.016998386959169248,0.0715653474473683,-0.012839410643667839,0.03462717981928673,APROVADO AUTOMATICAMENTE,APROVADO COM JUSTIFICATIVA SETOR CUSTOS
463491,558551,0.026912177461788356,-0.04281437846131031,-0.04527902263624293,-0.1685146751014925,-0.4165105275115306,-0.011934854066551679,0.053343683861830415,0.030110114519589237,-0.01080341692303469,-0.2202234962087326,-0.012839410643667839,0.03462717981928673,CUSTO NÃO APROVADO,APROVADO AUTOMATICAMENTE
417789,529191,0.026912177461788356,-0.02824294461215792,-0.01723312001954284,-0.7410891756954432,-0.12230588567813795,-0.011934854066551679,-0.09766139269349053,-0.09407672679147318,-0.010521827375937664,0.0715653474473683,-0.012839410643667839,0.03462717981928673,REQUER JUSTIFICATIVA FABRICA,APROVADO COM JUSTIFICATIVA SETOR CUSTOS
477281,564124,0.026912177461788356,-0.037147709742195494,-0.038548006008234915,-0.2695572340298367,-0.35113171821522116,-0.011934854066551679,0.379427110046509,0.22384158696484657,-0.011085006470131714,-0.2202234962087326,-0.012839410643667839,0.03462717981928673,CUSTO NÃO APROVADO,APROVADO AUTOMATICAMENTE
409320,523474,0.02691107792089989,-0.037147709742195494,-0.04079167821757092,-0.9768551465282465,-0.4165105275115306,-0.011934854066551679,-0.07577659898982084,-0.05185320074571196,-0.0037636782456090547,0.0715653474473683,-0.012839410643667839,0.03462717981928673,CUSTO NÃO APROVADO,APROVADO AUTOMATICAMENTE
409651,519359,0.026912177461788356,-0.044433426666771685,-0.04640085874091093,-0.3032380870059515,-0.4165105275115306,-0.011934854066551679,-0.0013683003973438384,-0.009629674699950738,-0.01080341692303469,0.0715653474473683,-0.012839410643667839,0.03462717981928673,REQUER JUSTIFICATIVA FABRICA,APROVADO AUTOMATICAMENTE
491700,574547,0.026912177461788356,-0.044433426666771685,-0.04527902263624293,0.13461300168354023,0.04114113756263572,-0.011934854066551679,-0.06921116087871991,-0.10401167409635818,-0.022630177901109754,-0.2202234962087326,-0.012839410643667839,0.03462717981928673,APROVADO COM JUSTIFICATIVA SETOR CUSTOS,APROVADO AUTOMATICAMENTE
429900,536460,0.026912177461788356,-0.07762391487872991,-0.065472072520267,-0.8758125875999023,-0.2857529089189117,-0.011934854066551679,-0.0998498720638575,-0.11891409505368565,-0.014182491488198992,0.0715653474473683,-0.012839410643667839,0.03462717981928673,CUSTO NÃO APROVADO,APROVADO COM JUSTIFICATIVA SETOR CUSTOS
466360,560568,0.026912177461788356,-0.044433426666771685,-0.04752269484557894,-0.40428064593429575,-0.4491999321596854,-0.011934854066551679,-0.06483420213798598,-0.019564622004835733,-0.007705931904967411,0.0715653474473683,-0.012839410643667839,0.03462717981928673,REQUER JUSTIFICATIVA FABRICA,APROVADO COM JUSTIFICATIVA SETOR CUSTOS
423447,533671,0.026912177461788356,-0.07033819795415372,-0.08229961409028705,-0.6737274697432138,-0.02423767173367375,-0.011934854066551679,-0.07358811961945386,-0.04191825344082697,-0.001792551415929877,0.0715653474473683,-0.012839410643667839,0.03462717981928673,REQUER JUSTIFICATIVA FABRICA,APROVADO COM JUSTIFICATIVA SETOR CUSTOS
431775,536991,0.026912177461788356,-0.0719572461596151,-0.08454328629962306,-0.8758125875999023,-0.2857529089189117,-0.011934854066551679,-0.09109595458238962,-0.09159298996525192,-0.010240237828840638,0.0715653474473683,-0.012839410643667839,0.03462717981928673,REQUER JUSTIFICATIVA FABRICA,APROVADO COM JUSTIFICATIVA SETOR CUSTOS
484659,570178,0.026912177461788356,-0.044433426666771685,-0.04640085874091093,0.5051023844208025,0.4334139933404926,-0.011934854066551679,0.01832801393595889,0.015207693562261747,-0.0175615660533633,-0.2202234962087326,-0.012839410643667839,0.03462717981928673,REQUER JUSTIFICATIVA FABRICA,APROVADO AUTOMATICAMENTE
497522,578694,0.026912177461788356,-0.044433426666771685,-0.04640085874091093,0.10093214870742549,-0.02423767173367375,-0.011934854066551679,-0.047326367175050205,-0.009629674699950738,-0.014464081035296018,0.0715653474473683,-0.012839410643667839,0.03462717981928673,CUSTO NÃO APROVADO,APROVADO COM JUSTIFICATIVA SETOR CUSTOS
411505,526759,0.026912177461788356,-0.026623896406696542,-0.02396413664755086,-0.9768551465282465,-0.4165105275115306,-0.011934854066551679,0.03364736952852768,0.1567806926568729,0.030308656953131015,0.0715653474473683,-0.012839410643667839,0.03462717981928673,APROVADO COM JUSTIFICATIVA SETOR CUSTOS,REQUER JUSTIFICATIVA FABRICA
454120,550269,0.026912177461788356,-0.04200485435857962,-0.043035350426906926,-0.13483382212537773,-0.38382112286337594,-0.011934854066551679,0.13212894119504134,0.030110114519589237,-0.022348588354012728,-0.2202234962087326,-0.012839410643667839,0.03462717981928673,APROVADO COM JUSTIFICATIVA SETOR CUSTOS,APROVADO AUTOMATICAMENTE
432757,537209,0.026912177461788356,-0.07519534257053785,-0.08903063071829508,-0.8421317346237875,-0.22037409962260218,-0.011934854066551679,-0.09547291332312356,-0.08910925313903068,-0.009958648281743613,0.0715653474473683,-0.012839410643667839,0.03462717981928673,REQUER JUSTIFICATIVA FABRICA,APROVADO COM JUSTIFICATIVA SETOR CUSTOS
482077,566647,0.026912177461788356,-0.03310008922854205,-0.02284230054288286,0.47142153144468774,0.17189875615525468,-0.011934854066551679,0.0467782457507295,-0.009629674699950738,-0.009113879640452537,0.0715653474473683,-0.012839410643667839,0.15851078758339088,APROVADO COM JUSTIFICATIVA SETOR CUSTOS,APROVADO AUTOMATICAMENTE
427415,526954,0.02688095050055593,-0.03552866153673411,-0.0351824976942309,0.47142153144468774,0.17189875615525468,-0.011934854066551679,0.0467782457507295,-0.009629674699950738,-0.009113879640452537,0.0715653474473683,-0.012839410643667839,0.09656898370133882,CUSTO NÃO APROVADO,APROVADO AUTOMATICAMENTE
415619,529557,0.026912177461788356,-0.09057630052242094,-0.11146735281165515,-0.23587638105372197,-0.35113171821522116,-0.011934854066551679,0.04458976638036253,-0.03695077978838447,-0.017843155600460327,-0.2202234962087326,-0.012839410643667839,0.03462717981928673,REQUER JUSTIFICATIVA FABRICA,APROVADO COM JUSTIFICATIVA SETOR CUSTOS
424164,533989,0.026912177461788356,-0.0784334389814606,-0.066593908624935,-0.6737274697432138,-0.02423767173367375,-0.011934854066551679,-0.09547291332312356,-0.08910925313903068,-0.009395469187549563,0.0715653474473683,-0.012839410643667839,0.03462717981928673,REQUER JUSTIFICATIVA FABRICA,APROVADO COM JUSTIFICATIVA SETOR CUSTOS
431456,535227,0.026912177461788356,-0.07519534257053785,-0.09015246682296307,-0.8758125875999023,-0.2857529089189117,-0.011934854066551679,-0.06702268150835294,-0.04440199026704822,-0.0023557305101239282,0.0715653474473683,-0.012839410643667839,0.03462717981928673,REQUER JUSTIFICATIVA FABRICA,APROVADO COM JUSTIFICATIVA SETOR CUSTOS
497085,578830,0.026912177461788356,-0.044433426666771685,-0.04752269484557894,0.10093214870742549,-0.02423767173367375,-0.011934854066551679,0.0248934520470598,0.0027890094311555052,-0.011648185564325765,-0.2202234962087326,-0.012839410643667839,0.03462717981928673,REQUER JUSTIFICATIVA FABRICA,APROVADO COM JUSTIFICATIVA SETOR CUSTOS
443315,542365,0.026912177461788356,-0.03471913743400343,-0.0340606615895629,0.303017266564114,0.2045881608034094,-0.011934854066551679,0.09492479189880283,0.07233364056535047,0.017637127333764872,0.0715653474473683,-0.012839410643667839,0.03462717981928673,CUSTO NÃO APROVADO,APROVADO AUTOMATICAMENTE
432603,537390,0.026912177461788356,-0.044433426666771685,-0.04640085874091093,0.9429534731102942,0.891065658414659,-0.011934854066551679,0.013951055195224953,-0.009629674699950738,0.0015865231492344276,0.0715653474473683,-0.012839410643667839,0.03462717981928673,APROVADO COM JUSTIFICATIVA SETOR CUSTOS,APROVADO AUTOMATICAMENTE
402921,515047,0.026912177461788356,-0.044433426666771685,-0.038548006008234915,-0.3369189399820662,-0.4491999321596854,-0.011934854066551679,-0.16550425317486658,-0.1661050947518894,-0.03473852842628185,0.0715653474473683,-0.012839410643667839,0.03462717981928673,REQUER JUSTIFICATIVA FABRICA,APROVADO COM JUSTIFICATIVA SETOR CUSTOS
453727,538551,0.026912177461788356,-0.044433426666771685,-0.04640085874091093,-0.13483382212537773,-0.38382112286337594,-0.011934854066551679,0.1211865443432065,0.007756483083598002,-0.015027260129490069,-0.2202234962087326,-0.012839410643667839,0.03462717981928673,APROVADO COM JUSTIFICATIVA SETOR CUSTOS,APROVADO AUTOMATICAMENTE
496948,578746,0.026912177461788356,-0.027433420509427233,-0.021720464438214855,0.10093214870742549,-0.02423767173367375,-0.011934854066551679,-0.03638397032321536,-0.009629674699950738,-0.013337722846907919,0.0715653474473683,-0.012839410643667839,0.03462717981928673,CUSTO NÃO APROVADO,REQUER JUSTIFICATIVA FABRICA
464989,558157,0.026912177461788356,-0.044433426666771685,-0.04752269484557894,-0.1685146751014925,-0.15499529032629272,-0.011934854066551679,-0.07358811961945386,0.10958969295866917,-0.01390090194110197,0.0715653474473683,-0.012839410643667839,0.03462717981928673,APROVADO COM JUSTIFICATIVA SETOR CUSTOS,APROVADO AUTOMATICAMENTE
484366,570578,0.026912177461788356,-0.044433426666771685,-0.04640085874091093,0.5051023844208025,0.4334139933404926,-0.011934854066551679,0.007385617084124043,0.0027890094311555052,-0.011085006470131714,-0.2202234962087326,-0.012839410643667839,0.03462717981928673,CUSTO NÃO APROVADO,APROVADO COM JUSTIFICATIVA SETOR CUSTOS
437147,541010,0.026912177461788356,-0.027433420509427233,-0.016111283914874836,-0.8421317346237875,-0.22037409962260218,-0.011934854066551679,-0.14799641821193082,-0.14126772648967692,-0.0009477827746388015,0.0715653474473683,-0.012839410643667839,0.03462717981928673,APROVADO COM JUSTIFICATIVA SETOR CUSTOS,REQUER JUSTIFICATIVA FABRICA
406332,520059,0.026912177461788356,-0.07519534257053785,-0.060984728101594984,-0.43796149891041053,-0.5799575507523044,-0.011934854066551679,-0.07577659898982084,0.017691430388482993,-0.0037636782456090547,0.0715653474473683,-0.012839410643667839,0.03462717981928673,REQUER JUSTIFICATIVA FABRICA,APROVADO COM JUSTIFICATIVA SETOR CUSTOS
481154,568767,0.026912177461788356,-0.044433426666771685,-0.04527902263624293,-0.10115296914926304,-0.18768469497444745,-0.011934854066551679,0.03145889015816071,-0.07669056900792445,-0.018687924241751402,-0.2202234962087326,-0.012839410643667839,0.03462717981928673,APROVADO AUTOMATICAMENTE,APROVADO COM JUSTIFICATIVA SETOR CUSTOS
472149,563802,0.026912177461788356,-0.037147709742195494,-0.03742616990356691,-0.6063657637909843,-0.7107151693449233,-0.011934854066551679,0.23717595097265587,0.04004506182447423,-0.0009477827746388015,0.0715653474473683,-0.012839410643667839,0.03462717981928673,CUSTO NÃO APROVADO,APROVADO AUTOMATICAMENTE
432229,537185,0.026912177461788356,-0.0784334389814606,-0.065472072520267,-0.8758125875999023,-0.2857529089189117,-0.011934854066551679,-0.13924250073046296,-0.1934261998403231,-0.02657243156046811,0.0715653474473683,-0.012839410643667839,0.03462717981928673,REQUER JUSTIFICATIVA FABRICA,APROVADO COM JUSTIFICATIVA SETOR CUSTOS
463858,557889,0.026912177461788356,-0.026623896406696542,-0.02284230054288286,-0.1685146751014925,-0.4165105275115306,-0.011934854066551679,0.17589852860238073,-0.009629674699950738,0.012568515486018417,0.0715653474473683,-0.012839410643667839,0.03462717981928673,APROVADO COM JUSTIFICATIVA SETOR CUSTOS,REQUER JUSTIFICATIVA FABRICA
411578,518514,0.026913167048587976,-0.026623896406696542,-0.021720464438214855,-0.3032380870059515,-0.4165105275115306,-0.011934854066551679,0.05553216323219738,-0.009629674699950738,-0.0037636782456090547,0.0715653474473683,-0.012839410643667839,0.03462717981928673,CUSTO NÃO APROVADO,REQUER JUSTIFICATIVA FABRICA
482980,570087,0.026912177461788356,-0.03552866153673411,-0.0351824976942309,-0.4716423518865253,-0.5145787414559948,-0.011934854066551679,-0.03638397032321536,0.20148795552885534,-0.009677058734646589,0.0715653474473683,-0.012839410643667839,0.03462717981928673,APROVADO COM JUSTIFICATIVA SETOR CUSTOS,APROVADO AUTOMATICAMENTE
492067,575517,0.026912177461788356,-0.044433426666771685,-0.04527902263624293,0.13461300168354023,0.04114113756263572,-0.011934854066551679,-0.04951484654541718,-0.08662551631280943,-0.02178540925981868,-0.2202234962087326,-0.012839410643667839,0.03462717981928673,APROVADO COM JUSTIFICATIVA SETOR CUSTOS,APROVADO AUTOMATICAMENTE
423495,533679,0.026912177461788356,-0.06871914974869234,-0.08005594188095105,-0.6737274697432138,-0.02423767173367375,-0.011934854066551679,-0.08015355773055476,-0.04936946391949071,-0.003482088698512029,0.0715653474473683,-0.012839410643667839,0.03462717981928673,REQUER JUSTIFICATIVA FABRICA,APROVADO COM JUSTIFICATIVA SETOR CUSTOS
401824,513529,0.026912177461788356,-0.044433426666771685,-0.04640085874091093,-0.3369189399820662,-0.4491999321596854,-0.011934854066551679,-0.06045724339725203,0.022658904040925493,-0.0023557305101239282,0.0715653474473683,-0.012839410643667839,0.03462717981928673,REQUER JUSTIFICATIVA FABRICA,APROVADO AUTOMATICAMENTE
429081,536701,0.026912177461788356,-0.026623896406696542,-0.021720464438214855,-0.8758125875999023,-0.2857529089189117,-0.011934854066551679,-0.06702268150835294,0.12945958756843917,-0.005734805075288233,0.0715653474473683,-0.012839410643667839,0.03462717981928673,APROVADO COM JUSTIFICATIVA SETOR CUSTOS,REQUER JUSTIFICATIVA FABRICA
405661,515997,0.026912177461788356,-0.0719572461596151,-0.032938825484894886,0.303017266564114,0.5314822072849568,-0.011934854066551679,-0.08671899584165567,-0.13878398966345565,-0.02375653608949786,-0.2202234962087326,-0.012839410643667839,0.03462717981928673,REQUER JUSTIFICATIVA FABRICA,APROVADO COM JUSTIFICATIVA SETOR CUSTOS
449445,547973,0.026912177461788356,-0.044433426666771685,-0.03966984211290291,0.23565556061188447,0.2045881608034094,-0.011934854066551679,-0.03200701158248142,-0.03446704296216322,-0.016153618317878173,-0.13852261998502435,-0.012839410643667839,0.03462717981928673,APROVADO COM JUSTIFICATIVA SETOR CUSTOS,APROVADO AUTOMATICAMENTE
477595,565910,0.026912177461788356,-0.10433821026884263,-0.1294167304863432,-0.2695572340298367,-0.35113171821522116,-0.011934854066551679,-0.14580793884156387,-0.009629674699950738,-0.03333058069079672,0.0715653474473683,-0.012839410643667839,0.03462717981928673,APROVADO COM JUSTIFICATIVA SETOR CUSTOS,CUSTO NÃO APROVADO
401841,513149,0.026912177461788356,-0.026623896406696542,-0.02284230054288286,1.4481662677520153,1.8390583932111464,-0.011934854066551679,0.0030086583433900993,0.13442706122088163,0.013976463221503543,-0.2202234962087326,-0.012839410643667839,0.03462717981928673,APROVADO COM JUSTIFICATIVA SETOR CUSTOS,REQUER JUSTIFICATIVA FABRICA
432762,535202,0.026912177461788356,-0.027433420509427233,-0.02284230054288286,0.9429534731102942,0.891065658414659,-0.011934854066551679,-0.014499176619545664,-0.009629674699950738,-0.005734805075288233,0.0715653474473683,-0.012839410643667839,0.03462717981928673,APROVADO COM JUSTIFICATIVA SETOR CUSTOS,REQUER JUSTIFICATIVA FABRICA
417320,529780,0.026912177461788356,-0.02824294461215792,-0.02284230054288286,-0.7410891756954432,-0.12230588567813795,-0.011934854066551679,-0.07358811961945386,-0.07172309535548195,-0.006861163263676333,0.0715653474473683,-0.012839410643667839,0.03462717981928673,APROVADO AUTOMATICAMENTE,APROVADO COM JUSTIFICATIVA SETOR CUSTOS
454124,550403,0.026912177461788356,-0.03876675794765687,-0.038548006008234915,-0.13483382212537773,-0.38382112286337594,-0.011934854066551679,0.07303999819513314,0.05494748278180172,-0.016435207864975196,-0.2202234962087326,-0.012839410643667839,0.03462717981928673,CUSTO NÃO APROVADO,APROVADO AUTOMATICAMENTE
474684,564301,0.026912177461788356,-0.044433426666771685,-0.04079167821757092,-0.774770028671558,-0.8087833832893875,-0.011934854066551679,-0.053891805286151125,-0.2580033573220755,-0.008832290093355512,0.0715653474473683,-0.012839410643667839,0.03462717981928673,APROVADO AUTOMATICAMENTE,APROVADO COM JUSTIFICATIVA SETOR CUSTOS
456417,554053,0.026912177461788356,-0.044433426666771685,-0.04527902263624293,-0.1685146751014925,-0.4165105275115306,-0.011934854066551679,-0.016687655989912623,-0.09656046361769442,-0.022348588354012728,-0.2202234962087326,-0.012839410643667839,0.03462717981928673,CUSTO NÃO APROVADO,APROVADO COM JUSTIFICATIVA SETOR CUSTOS
434844,539411,0.026912177461788356,-0.024195324098504476,-0.012745775600870824,-0.8421317346237875,-0.22037409962260218,-0.011934854066551679,-0.1436194594711969,-0.12884904235857064,-0.023474946542400833,0.0715653474473683,-0.012839410643667839,0.03462717981928673,APROVADO COM JUSTIFICATIVA SETOR CUSTOS,REQUER JUSTIFICATIVA FABRICA
440393,544504,0.026912177461788356,-0.027433420509427233,-0.02284230054288286,0.303017266564114,0.2045881608034094,-0.011934854066551679,0.09930175063953678,0.030110114519589237,-0.007705931904967411,-0.015971305649461972,-0.012839410643667839,0.03462717981928673,APROVADO COM JUSTIFICATIVA SETOR CUSTOS,REQUER JUSTIFICATIVA FABRICA
489026,572604,0.026912177461788356,-0.043623902564041,-0.04640085874091093,0.5051023844208025,0.4334139933404926,-0.011934854066551679,0.053343683861830415,-0.009629674699950738,-0.011085006470131714,-0.2202234962087326,-0.012839410643667839,0.03462717981928673,CUSTO NÃO APROVADO,APROVADO AUTOMATICAMENTE
483579,570159,0.026912177461788356,-0.044433426666771685,-0.04640085874091093,0.5051023844208025,0.4334139933404926,-0.011934854066551679,0.0030086583433900993,-0.0021784642212869924,-0.019532692883042477,-0.2202234962087326,-0.012839410643667839,0.03462717981928673,REQUER JUSTIFICATIVA FABRICA,APROVADO COM JUSTIFICATIVA SETOR CUSTOS
488657,573470,0.026912177461788356,-0.044433426666771685,-0.049766367054914946,0.5051023844208025,0.4334139933404926,-0.011934854066551679,-0.07139964024908689,-0.09656046361769442,-0.022066998806915705,-0.2202234962087326,-0.012839410643667839,0.03462717981928673,APROVADO COM JUSTIFICATIVA SETOR CUSTOS,APROVADO AUTOMATICAMENTE
416977,530005,0.026912177461788356,-0.09462392103607437,-0.11707653333499517,-0.13483382212537773,-0.25306350427075697,-0.011934854066551679,-0.1064153101749584,-0.19094246301410187,-0.02910673748434134,0.0715653474473683,-0.012839410643667839,0.03462717981928673,CUSTO NÃO APROVADO,APROVADO COM JUSTIFICATIVA SETOR CUSTOS
483528,567577,0.026912177461788356,-0.07033819795415372,-0.08342145019495505,0.5051023844208025,0.4334139933404926,-0.011934854066551679,-0.06483420213798598,-0.10897914774880067,-0.019814282430139503,-0.2202234962087326,-0.012839410643667839,0.03462717981928673,REQUER JUSTIFICATIVA FABRICA,APROVADO COM JUSTIFICATIVA SETOR CUSTOS
436502,526947,0.026912177461788356,-0.037147709742195494,-0.0351824976942309,0.47142153144468774,0.17189875615525468,-0.011934854066551679,0.0467782457507295,-0.009629674699950738,-0.009113879640452537,0.0715653474473683,-0.012839410643667839,0.06559808176031277,APROVADO COM JUSTIFICATIVA SETOR CUSTOS,APROVADO AUTOMATICAMENTE
425569,534249,0.026912177461788356,-0.026623896406696542,-0.018354956124210845,0.10093214870742549,0.008451732914480974,-0.011934854066551679,0.0686630394543992,0.0003052726049342564,-0.020659051071430574,-0.2202234962087326,-0.012839410643667839,0.03462717981928673,APROVADO COM JUSTIFICATIVA SETOR CUSTOS,REQUER JUSTIFICATIVA FABRICA
492566,575686,0.026912177461788356,-0.044433426666771685,-0.04527902263624293,0.03357044275519599,-0.08961648102998324,-0.011934854066551679,-0.05170332591578415,-0.1263653055323494,-0.024319715183691908,-0.2202234962087326,-0.012839410643667839,0.03462717981928673,APROVADO COM JUSTIFICATIVA SETOR CUSTOS,APROVADO AUTOMATICAMENTE
425585,534248,0.026912177461788356,-0.025814372303965855,-0.018354956124210845,0.10093214870742549,0.008451732914480974,-0.011934854066551679,0.12337502371357345,0.017691430388482993,-0.016716797412072222,-0.2202234962087326,-0.012839410643667839,0.03462717981928673,APROVADO COM JUSTIFICATIVA SETOR CUSTOS,REQUER JUSTIFICATIVA FABRICA
456815,553998,0.026912177461788356,-0.024195324098504476,-0.04191351432223892,-0.3369189399820662,-0.31844231356706637,-0.011934854066551679,0.6923796600089858,1.5998317886914182,0.20010715385263733,0.0715653474473683,-0.012839410643667839,0.03462717981928673,CUSTO NÃO APROVADO,REQUER JUSTIFICATIVA FABRICA
493286,575738,0.026912177461788356,-0.044433426666771685,-0.04527902263624293,0.03357044275519599,-0.08961648102998324,-0.011934854066551679,-0.047326367175050205,-0.009629674699950738,-0.015308849676587095,0.0715653474473683,-0.012839410643667839,0.03462717981928673,REQUER JUSTIFICATIVA FABRICA,APROVADO AUTOMATICAMENTE
485455,570132,0.026912177461788356,-0.04281437846131031,-0.04415718653157493,0.5051023844208025,0.4334139933404926,-0.011934854066551679,0.03583584889889466,-0.019564622004835733,-0.015872028770781147,-0.2202234962087326,-0.012839410643667839,0.03462717981928673,APROVADO COM JUSTIFICATIVA SETOR CUSTOS,APROVADO AUTOMATICAMENTE
464275,548472,0.02691107792089989,-0.045242950769502376,-0.0351824976942309,0.47142153144468774,0.17189875615525468,-0.011934854066551679,0.0467782457507295,-0.009629674699950738,-0.009113879640452537,0.0715653474473683,-0.012839410643667839,-0.522849055119182,CUSTO NÃO APROVADO,APROVADO COM JUSTIFICATIVA SETOR CUSTOS
442756,545393,0.026912177461788356,-0.07033819795415372,-0.08342145019495505,-0.8421317346237875,-0.25306350427075697,-0.011934854066551679,-0.06045724339725203,-0.022048358831056977,0.0010233440550403764,0.0715653474473683,-0.012839410643667839,0.03462717981928673,REQUER JUSTIFICATIVA FABRICA,APROVADO COM JUSTIFICATIVA SETOR CUSTOS
414861,518594,0.026912177461788356,-0.044433426666771685,-0.04640085874091093,-0.23587638105372197,-0.35113171821522116,-0.011934854066551679,-0.014499176619545664,-0.009629674699950738,-0.01390090194110197,0.0715653474473683,-0.012839410643667839,0.03462717981928673,APROVADO AUTOMATICAMENTE,APROVADO COM JUSTIFICATIVA SETOR CUSTOS
434809,538126,0.026912177461788356,-0.02824294461215792,-0.025085972752218865,0.9429534731102942,0.891065658414659,-0.011934854066551679,0.08179391567660103,0.1990042187026341,0.01172374684472734,-0.08016485125380418,-0.012839410643667839,0.03462717981928673,APROVADO AUTOMATICAMENTE,REQUER JUSTIFICATIVA FABRICA
485221,570046,0.026912177461788356,-0.02824294461215792,-0.025085972752218865,-0.4716423518865253,-0.5145787414559948,-0.011934854066551679,-0.06045724339725203,-0.03446704296216322,-0.009677058734646589,0.0715653474473683,-0.012839410643667839,0.03462717981928673,CUSTO NÃO APROVADO,APROVADO AUTOMATICAMENTE
421405,532935,0.026912177461788356,-0.044433426666771685,-0.04640085874091093,0.23565556061188447,0.13920935150709993,-0.011934854066551679,-0.018876135360279597,-0.009629674699950738,-0.012492954205616842,0.0715653474473683,-0.012839410643667839,0.03462717981928673,REQUER JUSTIFICATIVA FABRICA,APROVADO COM JUSTIFICATIVA SETOR CUSTOS
452594,487078,0.026912177461788356,-0.044433426666771685,-0.04640085874091093,-0.13483382212537773,-0.38382112286337594,-0.011934854066551679,0.05115520449146344,-0.009629674699950738,-0.002637320057220953,0.0715653474473683,-0.012839410643667839,0.03462717981928673,REQUER JUSTIFICATIVA FABRICA,APROVADO AUTOMATICAMENTE
455057,551420,0.026912177461788356,-0.044433426666771685,-0.04640085874091093,-0.3369189399820662,-0.31844231356706637,-0.011934854066551679,-0.06045724339725203,-0.03446704296216322,-0.009113879640452537,0.0715653474473683,-0.012839410643667839,0.03462717981928673,APROVADO COM JUSTIFICATIVA SETOR CUSTOS,APROVADO AUTOMATICAMENTE
491453,575154,0.026912177461788356,-0.044433426666771685,-0.04527902263624293,0.13461300168354023,0.04114113756263572,-0.011934854066551679,-0.056080284656518084,-0.10152793727013693,-0.022630177901109754,-0.2202234962087326,-0.012839410643667839,0.03462717981928673,APROVADO COM JUSTIFICATIVA SETOR CUSTOS,APROVADO AUTOMATICAMENTE
402805,515088,0.026912177461788356,-0.025814372303965855,-0.02059862833354685,1.4481662677520153,1.8390583932111464,-0.011934854066551679,0.04458976638036253,-0.009629674699950738,0.018763485522152977,0.0715653474473683,-0.012839410643667839,0.03462717981928673,APROVADO COM JUSTIFICATIVA SETOR CUSTOS,REQUER JUSTIFICATIVA FABRICA
495812,577824,0.026912177461788356,-0.044433426666771685,-0.04527902263624293,0.03357044275519599,-0.08961648102998324,-0.011934854066551679,-0.08234203710092172,-0.15368641062078314,-0.027135610654662162,-0.2202234962087326,-0.012839410643667839,0.03462717981928673,APROVADO AUTOMATICAMENTE,REQUER JUSTIFICATIVA FABRICA
458190,554764,0.026912177461788356,-0.044433426666771685,-0.04527902263624293,-0.20219552807760727,-0.18768469497444745,-0.011934854066551679,-0.11735770702679325,-0.03198330613594197,-0.02291176744820678,0.0715653474473683,-0.012839410643667839,0.03462717981928673,APROVADO AUTOMATICAMENTE,APROVADO COM JUSTIFICATIVA SETOR CUSTOS
425726,527557,0.026912177461788356,-0.02824294461215792,-0.021720464438214855,-0.774770028671558,-0.12230588567813795,-0.011934854066551679,-0.11079226891569234,-0.1114628845750219,-0.013337722846907919,0.0715653474473683,-0.012839410643667839,0.03462717981928673,APROVADO AUTOMATICAMENTE,APROVADO COM JUSTIFICATIVA SETOR CUSTOS
410231,526455,0.026912177461788356,-0.027433420509427233,-0.016111283914874836,-0.9768551465282465,-0.4165105275115306,-0.011934854066551679,-0.1064153101749584,-0.15865388427322563,-0.014464081035296018,0.0715653474473683,-0.012839410643667839,0.03462717981928673,APROVADO COM JUSTIFICATIVA SETOR CUSTOS,REQUER JUSTIFICATIVA FABRICA
403592,515113,0.026912177461788356,-0.027433420509427233,-0.02284230054288286,1.4481662677520153,1.8390583932111464,-0.011934854066551679,0.007385617084124043,-0.009629674699950738,0.01622917959827975,0.0715653474473683,-0.012839410643667839,0.03462717981928673,APROVADO COM JUSTIFICATIVA SETOR CUSTOS,REQUER JUSTIFICATIVA FABRICA
484887,570318,0.026912177461788356,-0.044433426666771685,-0.04415718653157493,0.5051023844208025,0.4334139933404926,-0.011934854066551679,-0.007933738508444749,-0.009629674699950738,-0.02178540925981868,-0.2202234962087326,-0.012839410643667839,0.03462717981928673,APROVADO COM JUSTIFICATIVA SETOR CUSTOS,APROVADO AUTOMATICAMENTE
488005,570667,0.026912177461788356,-0.044433426666771685,-0.029573317170890883,0.47142153144468774,0.17189875615525468,-0.011934854066551679,0.0467782457507295,-0.009629674699950738,-0.009113879640452537,0.0715653474473683,-0.012839410643667839,-0.3060527415319997,APROVADO COM JUSTIFICATIVA SETOR CUSTOS,APROVADO AUTOMATICAMENTE
481773,569908,0.026912177461788356,-0.044433426666771685,-0.04640085874091093,-0.10115296914926304,-0.18768469497444745,-0.011934854066551679,0.013951055195224953,-0.08662551631280943,-0.016435207864975196,0.08907267806673436,-0.012839410643667839,0.03462717981928673,REQUER JUSTIFICATIVA FABRICA,APROVADO COM JUSTIFICATIVA SETOR CUSTOS
442047,545352,0.026912177461788356,-0.044433426666771685,-0.04752269484557894,-0.8421317346237875,-0.25306350427075697,-0.011934854066551679,-0.0013683003973438384,0.030110114519589237,0.01059738865633924,0.0715653474473683,-0.012839410643667839,0.03462717981928673,APROVADO COM JUSTIFICATIVA SETOR CUSTOS,APROVADO AUTOMATICAMENTE
477608,566868,0.026912177461788356,-0.07276677026234579,-0.08790879461362706,-0.2695572340298367,-0.35113171821522116,-0.011934854066551679,-0.02106461473064657,-0.0791743058341457,-0.018124745147557353,-0.2202234962087326,-0.012839410643667839,0.03462717981928673,REQUER JUSTIFICATIVA FABRICA,APROVADO COM JUSTIFICATIVA SETOR CUSTOS
455674,553932,0.026912177461788356,-0.027433420509427233,-0.02284230054288286,-0.1685146751014925,-0.4165105275115306,-0.011934854066551679,0.02927041078779374,-0.009629674699950738,-0.004608446886900131,0.0715653474473683,-0.012839410643667839,0.03462717981928673,APROVADO COM JUSTIFICATIVA SETOR CUSTOS,REQUER JUSTIFICATIVA FABRICA
413169,514880,0.026912177461788356,-0.06952867385142303,-0.08342145019495505,0.47142153144468774,0.17189875615525468,-0.011934854066551679,0.0467782457507295,-0.009629674699950738,-0.009113879640452537,0.0715653474473683,-0.012839410643667839,-0.6467326628832862,REQUER JUSTIFICATIVA FABRICA,APROVADO COM JUSTIFICATIVA SETOR CUSTOS
456545,554523,0.026912177461788356,-0.044433426666771685,-0.04640085874091093,-0.1685146751014925,-0.4165105275115306,-0.011934854066551679,-0.018876135360279597,-0.009629674699950738,-0.014464081035296018,0.0715653474473683,-0.012839410643667839,0.03462717981928673,APROVADO AUTOMATICAMENTE,APROVADO COM JUSTIFICATIVA SETOR CUSTOS
463913,557616,0.026912177461788356,-0.026623896406696542,-0.0340606615895629,-0.1685146751014925,-0.15499529032629272,-0.011934854066551679,0.1780870079727477,1.2570761066728857,0.058467611662833555,0.0715653474473683,-0.012839410643667839,0.03462717981928673,APROVADO COM JUSTIFICATIVA SETOR CUSTOS,REQUER JUSTIFICATIVA FABRICA
494778,571775,0.026912177461788356,-0.026623896406696542,-0.021720464438214855,0.03357044275519599,-0.08961648102998324,-0.011934854066551679,0.01832801393595889,-0.009629674699950738,-0.003482088698512029,0.0715653474473683,-0.012839410643667839,0.03462717981928673,APROVADO COM JUSTIFICATIVA SETOR CUSTOS,REQUER JUSTIFICATIVA FABRICA
480212,555327,0.02691261727814374,-0.04686199897496375,-0.052010039264250955,0.47142153144468774,0.17189875615525468,-0.011934854066551679,0.0467782457507295,-0.009629674699950738,-0.009113879640452537,0.0715653474473683,-0.012839410643667839,-0.5847908590012342,CUSTO NÃO APROVADO,APROVADO COM JUSTIFICATIVA SETOR CUSTOS
479031,567876,0.026912177461788356,-0.02824294461215792,-0.02396413664755086,-0.10115296914926304,-0.18768469497444745,-0.011934854066551679,0.013951055195224953,-0.009629674699950738,-0.007987521452064435,0.0715653474473683,-0.012839410643667839,0.03462717981928673,REQUER JUSTIFICATIVA FABRICA,APROVADO AUTOMATICAMENTE
427409,526954,0.026912177461788356,-0.03310008922854205,-0.0351824976942309,0.47142153144468774,0.17189875615525468,-0.011934854066551679,0.0467782457507295,-0.009629674699950738,-0.009113879640452537,0.0715653474473683,-0.012839410643667839,0.09656898370133882,CUSTO NÃO APROVADO,APROVADO AUTOMATICAMENTE
456939,551859,0.026912177461788356,-0.04281437846131031,-0.04527902263624293,-0.1685146751014925,-0.4165105275115306,-0.011934854066551679,0.12556350308394043,-0.009629674699950738,0.01059738865633924,0.0715653474473683,-0.012839410643667839,0.03462717981928673,CUSTO NÃO APROVADO,APROVADO AUTOMATICAMENTE
416979,530006,0.026912177461788356,-0.09462392103607437,-0.11707653333499517,-0.13483382212537773,-0.25306350427075697,-0.011934854066551679,-0.1064153101749584,-0.19094246301410187,-0.02910673748434134,0.0715653474473683,-0.012839410643667839,0.03462717981928673,CUSTO NÃO APROVADO,APROVADO COM JUSTIFICATIVA SETOR CUSTOS
421987,533190,0.026912177461788356,-0.027433420509427233,-0.021720464438214855,-0.6737274697432138,-0.02423767173367375,-0.011934854066551679,-0.09766139269349053,-0.09656046361769442,-0.01080341692303469,0.0715653474473683,-0.012839410643667839,0.03462717981928673,REQUER JUSTIFICATIVA FABRICA,APROVADO COM JUSTIFICATIVA SETOR CUSTOS
436121,539194,0.026912177461788356,-0.03552866153673411,-0.03742616990356691,0.9429534731102942,0.891065658414659,-0.011934854066551679,0.1868409254542156,0.1046222193062267,0.00017857541374930095,-0.2202234962087326,-0.012839410643667839,0.03462717981928673,CUSTO NÃO APROVADO,APROVADO AUTOMATICAMENTE
446319,538843,0.026918005028497224,-0.029861992817619296,-0.043035350426906926,0.23565556061188447,0.2045881608034094,-0.011934854066551679,0.5610708977869674,0.48960142737052015,0.012005336391824366,0.0015360249699040815,-0.012839410643667839,0.03462717981928673,CUSTO NÃO APROVADO,APROVADO AUTOMATICAMENTE
468565,561864,0.026912177461788356,-0.09624296924153573,-0.11146735281165515,-0.3032380870059515,-0.4165105275115306,-0.011934854066551679,-0.11954618639716022,-0.009629674699950738,-0.03023309567272944,0.0715653474473683,-0.012839410643667839,0.03462717981928673,REQUER JUSTIFICATIVA FABRICA,APROVADO COM JUSTIFICATIVA SETOR CUSTOS
425590,527550,0.026912177461788356,-0.026623896406696542,-0.02059862833354685,-0.774770028671558,-0.12230588567813795,-0.011934854066551679,-0.062645722767619,-0.0021784642212869924,0.004684008167301706,0.0715653474473683,-0.012839410643667839,0.03462717981928673,APROVADO COM JUSTIFICATIVA SETOR CUSTOS,REQUER JUSTIFICATIVA FABRICA
418979,529197,0.026912177461788356,-0.026623896406696542,-0.02059862833354685,-0.7410891756954432,-0.12230588567813795,-0.011934854066551679,-0.13267706261936202,-0.10152793727013693,-0.022066998806915705,0.0715653474473683,-0.012839410643667839,0.03462717981928673,REQUER JUSTIFICATIVA FABRICA,APROVADO COM JUSTIFICATIVA SETOR CUSTOS
485790,571201,0.026912177461788356,-0.044433426666771685,-0.043035350426906926,0.5051023844208025,0.4334139933404926,-0.011934854066551679,-0.040760929063949305,-0.012113411526171985,-0.022066998806915705,-0.2202234962087326,-0.012839410643667839,0.03462717981928673,APROVADO AUTOMATICAMENTE,APROVADO COM JUSTIFICATIVA SETOR CUSTOS
445389,546752,0.026912177461788356,-0.026623896406696542,-0.04415718653157493,3.7047834171517033,3.8984908860448946,-0.011934854066551679,0.17589852860238073,0.5492111111998301,0.03368773151829532,-0.10642584718285325,-0.012839410643667839,0.03462717981928673,APROVADO COM JUSTIFICATIVA SETOR CUSTOS,REQUER JUSTIFICATIVA FABRICA
496796,578666,0.026912177461788356,-0.044433426666771685,-0.04640085874091093,0.10093214870742549,-0.02423767173367375,-0.011934854066551679,-0.0013683003973438384,-0.03695077978838447,-0.016435207864975196,-0.2202234962087326,-0.012839410643667839,0.03462717981928673,APROVADO AUTOMATICAMENTE,APROVADO COM JUSTIFICATIVA SETOR CUSTOS
421492,530811,0.026912177461788356,-0.027433420509427233,-0.02396413664755086,-0.6737274697432138,-0.02423767173367375,-0.011934854066551679,0.0008201789730231335,0.12449211391599667,0.025240045105384558,0.0715653474473683,-0.012839410643667839,0.03462717981928673,APROVADO COM JUSTIFICATIVA SETOR CUSTOS,REQUER JUSTIFICATIVA FABRICA
433977,538253,0.026912177461788356,-0.027433420509427233,-0.01723312001954284,-0.8421317346237875,-0.22037409962260218,-0.011934854066551679,-0.1436194594711969,-0.14375146331589816,-0.024601304730788934,0.0715653474473683,-0.012839410643667839,0.03462717981928673,REQUER JUSTIFICATIVA FABRICA,APROVADO COM JUSTIFICATIVA SETOR CUSTOS
430450,535251,0.026912177461788356,-0.024195324098504476,-0.018354956124210845,0.5051023844208025,0.4334139933404926,-0.011934854066551679,-0.018876135360279597,0.08226858787023544,-0.02291176744820678,-0.2202234962087326,-0.012839410643667839,0.03462717981928673,APROVADO COM JUSTIFICATIVA SETOR CUSTOS,REQUER JUSTIFICATIVA FABRICA
480533,568812,0.026912177461788356,-0.044433426666771685,-0.04640085874091093,-0.10115296914926304,-0.18768469497444745,-0.011934854066551679,0.005197137713757072,-0.04440199026704822,-0.015027260129490069,-0.2202234962087326,-0.012839410643667839,0.03462717981928673,APROVADO AUTOMATICAMENTE,APROVADO COM JUSTIFICATIVA SETOR CUSTOS
489024,572604,0.026912177461788356,-0.044433426666771685,-0.04640085874091093,0.5051023844208025,0.4334139933404926,-0.011934854066551679,0.05115520449146344,-0.012113411526171985,-0.011085006470131714,-0.2202234962087326,-0.012839410643667839,0.03462717981928673,CUSTO NÃO APROVADO,APROVADO AUTOMATICAMENTE
484445,570369,0.026912177461788356,-0.07114772205688441,-0.08790879461362706,0.5051023844208025,0.4334139933404926,-0.011934854066551679,-0.03200701158248142,-0.04440199026704822,-0.014464081035296018,-0.2202234962087326,-0.012839410643667839,0.03462717981928673,REQUER JUSTIFICATIVA FABRICA,APROVADO COM JUSTIFICATIVA SETOR CUSTOS
467025,560513,0.026912177461788356,-0.026623896406696542,-0.02059862833354685,-0.3032380870059515,-0.4165105275115306,-0.011934854066551679,-0.029818532212114442,-0.009629674699950738,-0.017843155600460327,0.0715653474473683,-0.012839410643667839,0.03462717981928673,APROVADO COM JUSTIFICATIVA SETOR CUSTOS,REQUER JUSTIFICATIVA FABRICA
473357,564246,0.026912177461788356,-0.044433426666771685,-0.04415718653157493,-0.6063657637909843,-0.7107151693449233,-0.011934854066551679,-0.027630052841747483,-0.14126772648967692,-0.02600925246627406,-0.2202234962087326,-0.012839410643667839,0.03462717981928673,APROVADO AUTOMATICAMENTE,APROVADO COM JUSTIFICATIVA SETOR CUSTOS
476108,565286,0.026912177461788356,-0.11648107180980295,-0.14624427205636326,-0.2695572340298367,-0.35113171821522116,-0.011934854066551679,-0.16988121191560054,-0.009629674699950738,-0.03699124480305805,0.0715653474473683,-0.012839410643667839,0.03462717981928673,REQUER JUSTIFICATIVA FABRICA,CUSTO NÃO APROVADO
424410,534018,0.026912177461788356,-0.0784334389814606,-0.066593908624935,-0.6737274697432138,-0.02423767173367375,-0.011934854066551679,-0.10422683080459141,-0.1114628845750219,-0.012774543752713868,0.0715653474473683,-0.012839410643667839,0.03462717981928673,REQUER JUSTIFICATIVA FABRICA,APROVADO COM JUSTIFICATIVA SETOR CUSTOS
485033,570045,0.026912177461788356,-0.027433420509427233,-0.026207808856886866,-0.4716423518865253,-0.5145787414559948,-0.011934854066551679,-0.03200701158248142,0.022658904040925493,-0.0023557305101239282,0.0715653474473683,-0.012839410643667839,0.03462717981928673,REQUER JUSTIFICATIVA FABRICA,APROVADO COM JUSTIFICATIVA SETOR CUSTOS
497415,577616,0.026912177461788356,-0.044433426666771685,-0.04640085874091093,0.10093214870742549,-0.02423767173367375,-0.011934854066551679,0.007385617084124043,-0.07669056900792445,-0.018687924241751402,-0.2202234962087326,-0.012839410643667839,0.03462717981928673,CUSTO NÃO APROVADO,APROVADO COM JUSTIFICATIVA SETOR CUSTOS
424654,534062,0.026912177461788356,-0.07114772205688441,-0.08454328629962306,-0.6737274697432138,-0.02423767173367375,-0.011934854066551679,-0.07796507836018778,-0.04688572709326946,-0.002637320057220953,0.0715653474473683,-0.012839410643667839,0.03462717981928673,REQUER JUSTIFICATIVA FABRICA,APROVADO COM JUSTIFICATIVA SETOR CUSTOS
482741,570779,0.026912177461788356,-0.07033819795415372,-0.08229961409028705,-0.6400466167670991,-0.6780257646967686,-0.011934854066551679,-0.09328443395275658,-0.10649541092257943,-0.018406334694654376,0.0715653474473683,-0.012839410643667839,0.03462717981928673,REQUER JUSTIFICATIVA FABRICA,APROVADO COM JUSTIFICATIVA SETOR CUSTOS
430404,540417,0.026912177461788356,-0.037957233844926185,-0.03742616990356691,0.5051023844208025,0.4334139933404926,-0.011934854066551679,0.08835935378770193,0.030110114519589237,0.004120829073107655,0.0715653474473683,-0.012839410643667839,0.03462717981928673,CUSTO NÃO APROVADO,APROVADO AUTOMATICAMENTE
454311,550271,0.026912177461788356,-0.04119533025584893,-0.03966984211290291,-0.1685146751014925,-0.4165105275115306,-0.011934854066551679,0.013951055195224953,-0.029499569309720725,-0.02544607337208001,-0.2202234962087326,-0.012839410643667839,0.03462717981928673,CUSTO NÃO APROVADO,APROVADO AUTOMATICAMENTE
404339,512208,0.026912177461788356,-0.02824294461215792,-0.02396413664755086,1.4481662677520153,1.8390583932111464,-0.011934854066551679,-0.01012221787881172,-0.009629674699950738,0.00806308273246601,0.0715653474473683,-0.012839410643667839,0.03462717981928673,REQUER JUSTIFICATIVA FABRICA,APROVADO AUTOMATICAMENTE
416431,527452,0.026912177461788356,-0.08086201128965267,-0.09800531955563911,-0.7410891756954432,-0.12230588567813795,-0.011934854066551679,-0.08234203710092172,-0.05930441122437571,-0.004890036433997156,0.0715653474473683,-0.012839410643667839,0.03462717981928673,REQUER JUSTIFICATIVA FABRICA,APROVADO COM JUSTIFICATIVA SETOR CUSTOS
481741,569642,0.026912177461788356,-0.07033819795415372,-0.08342145019495505,-0.10115296914926304,-0.18768469497444745,-0.011934854066551679,0.062097601343298295,-0.009629674699950738,-0.0006661932275417759,0.0715653474473683,-0.012839410643667839,0.03462717981928673,REQUER JUSTIFICATIVA FABRICA,APROVADO COM JUSTIFICATIVA SETOR CUSTOS
490085,574871,0.026912177461788356,-0.026623896406696542,-0.04527902263624293,6.298209096312539,6.415575043952809,-0.011934854066551679,0.07741695693586709,1.1651778441026999,0.12633069251321666,-0.2202234962087326,-0.012839410643667839,0.03462717981928673,APROVADO COM JUSTIFICATIVA SETOR CUSTOS,REQUER JUSTIFICATIVA FABRICA
460548,553897,0.026912177461788356,-0.044433426666771685,-0.04640085874091093,-0.20219552807760727,-0.18768469497444745,-0.011934854066551679,-0.1064153101749584,0.007756483083598002,-0.020377461524333552,0.0715653474473683,-0.012839410643667839,0.03462717981928673,APROVADO COM JUSTIFICATIVA SETOR CUSTOS,APROVADO AUTOMATICAMENTE
498006,579103,0.026912177461788356,-0.027433420509427233,-0.014989447810206833,0.10093214870742549,-0.02423767173367375,-0.011934854066551679,0.02927041078779374,0.017691430388482993,-0.0071427528107733595,-0.05390385532475509,-0.012839410643667839,0.03462717981928673,CUSTO NÃO APROVADO,REQUER JUSTIFICATIVA FABRICA
429096,536840,0.026912177461788356,-0.07681439077599922,-0.1316604026956792,0.5051023844208025,0.4334139933404926,-0.011934854066551679,-0.04951484654541718,-0.009629674699950738,-0.018969513788848424,0.0715653474473683,-0.012839410643667839,0.03462717981928673,REQUER JUSTIFICATIVA FABRICA,APROVADO COM JUSTIFICATIVA SETOR CUSTOS
446146,546937,0.026912177461788356,-0.025814372303965855,-0.021720464438214855,0.23565556061188447,0.17189875615525468,-0.011934854066551679,-0.03638397032321536,0.0996547456537842,0.006373545449883861,0.0715653474473683,-0.012839410643667839,0.03462717981928673,APROVADO COM JUSTIFICATIVA SETOR CUSTOS,REQUER JUSTIFICATIVA FABRICA
421561,533223,0.026912177461788356,-0.044433426666771685,-0.04864453095024694,0.23565556061188447,0.13920935150709993,-0.011934854066551679,0.21966811600972014,0.2760000603154928,0.0038392395260106313,-0.2202234962087326,-0.012839410643667839,0.03462717981928673,REQUER JUSTIFICATIVA FABRICA,APROVADO AUTOMATICAMENTE
412127,526798,0.026912177461788356,-0.044433426666771685,-0.043035350426906926,-0.3032380870059515,-0.4165105275115306,-0.011934854066551679,-0.08890747521202264,-0.15368641062078314,-0.02544607337208001,-0.2202234962087326,-0.012839410643667839,0.03462717981928673,APROVADO AUTOMATICAMENTE,APROVADO COM JUSTIFICATIVA SETOR CUSTOS
476292,565010,0.026912177461788356,-0.044433426666771685,-0.04527902263624293,-0.2695572340298367,-0.35113171821522116,-0.011934854066551679,0.027081931417426774,-0.04191825344082697,-0.022066998806915705,-0.2202234962087326,-0.012839410643667839,0.03462717981928673,REQUER JUSTIFICATIVA FABRICA,APROVADO COM JUSTIFICATIVA SETOR CUSTOS
480026,567744,0.026912177461788356,-0.044433426666771685,-0.030695153275558888,-0.10115296914926304,-0.18768469497444745,-0.011934854066551679,-0.02106461473064657,-0.06675562170303945,-0.018969513788848424,-0.14727628529470738,-0.012839410643667839,0.03462717981928673,APROVADO COM JUSTIFICATIVA SETOR CUSTOS,APROVADO AUTOMATICAMENTE
437808,543321,0.026912177461788356,-0.044433426666771685,-0.04640085874091093,-0.8421317346237875,-0.22037409962260218,-0.011934854066551679,-0.053891805286151125,-0.0791743058341457,-0.007424342357870385,0.0715653474473683,-0.012839410643667839,0.03462717981928673,REQUER JUSTIFICATIVA FABRICA,APROVADO COM JUSTIFICATIVA SETOR CUSTOS
411580,518514,0.02690788925232334,-0.026623896406696542,-0.021720464438214855,-0.3032380870059515,-0.4165105275115306,-0.011934854066551679,0.05553216323219738,-0.009629674699950738,-0.0037636782456090547,0.0715653474473683,-0.012839410643667839,0.03462717981928673,CUSTO NÃO APROVADO,REQUER JUSTIFICATIVA FABRICA
411744,526637,0.026912177461788356,-0.025004848201235164,-0.02059862833354685,-0.9768551465282465,-0.4165105275115306,-0.011934854066551679,0.0008201789730231335,0.0996547456537842,0.02101620189892918,0.0715653474473683,-0.012839410643667839,0.03462717981928673,APROVADO COM JUSTIFICATIVA SETOR CUSTOS,REQUER JUSTIFICATIVA FABRICA
476168,562615,0.026912177461788356,-0.037147709742195494,-0.036304333798898906,-0.2695572340298367,-0.35113171821522116,-0.011934854066551679,-0.005745259138077777,-0.009629674699950738,-0.01080341692303469,0.0715653474473683,-0.012839410643667839,0.03462717981928673,CUSTO NÃO APROVADO,APROVADO AUTOMATICAMENTE
457006,553927,0.026912177461788356,-0.025814372303965855,-0.021720464438214855,-0.3369189399820662,-0.31844231356706637,-0.011934854066551679,-0.012310697249178692,0.3207073231874753,0.0004601649608463266,0.0715653474473683,-0.012839410643667839,0.03462717981928673,APROVADO COM JUSTIFICATIVA SETOR CUSTOS,REQUER JUSTIFICATIVA FABRICA
434217,537081,0.026912177461788356,-0.11486202360434157,-0.14624427205636326,0.47142153144468774,0.17189875615525468,-0.011934854066551679,0.0467782457507295,-0.009629674699950738,-0.009113879640452537,0.0715653474473683,-0.012839410643667839,0.03462717981928673,CUSTO NÃO APROVADO,APROVADO COM JUSTIFICATIVA SETOR CUSTOS
469613,561974,0.026912177461788356,-0.025004848201235164,-0.019476792228878846,-0.40428064593429575,-0.4491999321596854,-0.011934854066551679,-0.08015355773055476,0.10213848248000544,-0.013619312394004945,0.0715653474473683,-0.012839410643667839,0.03462717981928673,APROVADO COM JUSTIFICATIVA SETOR CUSTOS,REQUER JUSTIFICATIVA FABRICA
430657,518287,0.026912177461788356,-0.07681439077599922,-0.09239613903229908,-0.8758125875999023,-0.2857529089189117,-0.011934854066551679,-0.08015355773055476,-0.07172309535548195,-0.006861163263676333,0.0715653474473683,-0.012839410643667839,0.03462717981928673,REQUER JUSTIFICATIVA FABRICA,APROVADO COM JUSTIFICATIVA SETOR CUSTOS
485392,572518,0.026912177461788356,-0.044433426666771685,-0.04864453095024694,0.5051023844208025,0.4334139933404926,-0.011934854066551679,-0.01012221787881172,-0.03198330613594197,-0.008832290093355512,0.15910200054419854,-0.012839410643667839,0.03462717981928673,APROVADO AUTOMATICAMENTE,APROVADO COM JUSTIFICATIVA SETOR CUSTOS
401784,513343,0.026912177461788356,-0.02824294461215792,-0.02396413664755086,1.4481662677520153,1.8390583932111464,-0.011934854066551679,-0.016687655989912623,-0.009629674699950738,0.008344672279563037,0.0715653474473683,-0.012839410643667839,0.03462717981928673,REQUER JUSTIFICATIVA FABRICA,APROVADO AUTOMATICAMENTE
483266,570361,0.026912177461788356,-0.06952867385142303,-0.08790879461362706,0.5051023844208025,0.4334139933404926,-0.011934854066551679,-0.018876135360279597,-0.024532095657278225,-0.012492954205616842,-0.2202234962087326,-0.012839410643667839,0.03462717981928673,REQUER JUSTIFICATIVA FABRICA,APROVADO COM JUSTIFICATIVA SETOR CUSTOS
427640,535197,0.026912177461788356,-0.024195324098504476,-0.018354956124210845,0.10093214870742549,0.008451732914480974,-0.011934854066551679,-0.01012221787881172,-0.009629674699950738,-0.01192977511142279,0.0715653474473683,-0.012839410643667839,0.03462717981928673,APROVADO COM JUSTIFICATIVA SETOR CUSTOS,REQUER JUSTIFICATIVA FABRICA
428595,535192,0.026912177461788356,-0.027433420509427233,-0.021720464438214855,-0.8758125875999023,-0.2857529089189117,-0.011934854066551679,-0.11298074828605931,-0.019564622004835733,-0.017843155600460327,0.0715653474473683,-0.012839410643667839,0.03462717981928673,APROVADO COM JUSTIFICATIVA SETOR CUSTOS,REQUER JUSTIFICATIVA FABRICA
455654,550475,0.026912177461788356,-0.037147709742195494,-0.03742616990356691,-0.1685146751014925,-0.4165105275115306,-0.011934854066551679,0.20434876041715133,0.17168311361420038,-0.013056133299810892,-0.2202234962087326,-0.012839410643667839,0.03462717981928673,CUSTO NÃO APROVADO,APROVADO AUTOMATICAMENTE
456398,554379,0.026912177461788356,-0.044433426666771685,-0.04640085874091093,-0.1685146751014925,-0.4165105275115306,-0.011934854066551679,-0.016687655989912623,-0.009629674699950738,-0.013056133299810892,0.0715653474473683,-0.012839410643667839,0.03462717981928673,APROVADO AUTOMATICAMENTE,APROVADO COM JUSTIFICATIVA SETOR CUSTOS
428541,535806,0.026912177461788356,-0.044433426666771685,-0.05761921978759097,0.5051023844208025,0.4334139933404926,-0.011934854066551679,0.01832801393595889,-0.007145937873729488,-0.009677058734646589,-0.2202234962087326,-0.012839410643667839,0.03462717981928673,APROVADO AUTOMATICAMENTE,APROVADO COM JUSTIFICATIVA SETOR CUSTOS
477911,567597,0.026912177461788356,-0.030671516920349983,-0.0340606615895629,-0.774770028671558,-0.8087833832893875,-0.011934854066551679,0.2503068271948577,0.9515764770476723,0.053680589362184124,0.0715653474473683,-0.012839410643667839,0.03462717981928673,CUSTO NÃO APROVADO,APROVADO AUTOMATICAMENTE
471215,561527,0.026912177461788356,-0.044433426666771685,-0.04640085874091093,-0.6063657637909843,-0.7107151693449233,-0.011934854066551679,-0.047326367175050205,-0.009629674699950738,-0.020659051071430574,0.0715653474473683,-0.012839410643667839,0.03462717981928673,CUSTO NÃO APROVADO,APROVADO COM JUSTIFICATIVA SETOR CUSTOS
478179,567900,0.026912177461788356,-0.044433426666771685,-0.043035350426906926,-0.2695572340298367,-0.35113171821522116,-0.011934854066551679,-0.05170332591578415,-0.12388156870612815,-0.020659051071430574,0.0715653474473683,-0.012839410643667839,0.03462717981928673,APROVADO AUTOMATICAMENTE,APROVADO COM JUSTIFICATIVA SETOR CUSTOS
478172,567901,0.026912177461788356,-0.044433426666771685,-0.043035350426906926,-0.2695572340298367,-0.35113171821522116,-0.011934854066551679,-0.04513788780468324,-0.10897914774880067,-0.019814282430139503,0.0715653474473683,-0.012839410643667839,0.03462717981928673,APROVADO AUTOMATICAMENTE,APROVADO COM JUSTIFICATIVA SETOR CUSTOS
433509,537372,0.026912177461788356,-0.027433420509427233,-0.01723312001954284,-0.8421317346237875,-0.22037409962260218,-0.011934854066551679,-0.1217346657675272,-0.08910925313903068,-0.023193356995303806,0.0715653474473683,-0.012839410643667839,0.03462717981928673,REQUER JUSTIFICATIVA FABRICA,APROVADO COM JUSTIFICATIVA SETOR CUSTOS
470319,563355,0.026912177461788356,-0.025004848201235164,-0.02059862833354685,-0.3032380870059515,-0.4165105275115306,-0.011934854066551679,0.02927041078779374,-0.009629674699950738,-0.006861163263676333,0.0715653474473683,-0.012839410643667839,0.03462717981928673,APROVADO COM JUSTIFICATIVA SETOR CUSTOS,REQUER JUSTIFICATIVA FABRICA
469808,563031,0.026912177461788356,-0.04200485435857962,-0.003771086763526793,-0.3032380870059515,-0.4165105275115306,-0.011934854066551679,-0.02106461473064657,-0.06675562170303945,-0.016153618317878173,-0.2202234962087326,-0.012839410643667839,0.03462717981928673,REQUER JUSTIFICATIVA FABRICA,APROVADO AUTOMATICAMENTE
435759,540205,0.026912177461788356,-0.037147709742195494,-0.0351824976942309,-0.8421317346237875,-0.22037409962260218,-0.011934854066551679,-0.13267706261936202,-0.09904420044391568,-0.024319715183691908,0.0715653474473683,-0.012839410643667839,0.03462717981928673,CUSTO NÃO APROVADO,APROVADO AUTOMATICAMENTE
434958,539819,0.026912177461788356,-0.03390961333127274,-0.0340606615895629,0.9429534731102942,0.891065658414659,-0.011934854066551679,0.02270497267669283,0.06488243008668672,-0.010240237828840638,-0.2202234962087326,-0.012839410643667839,0.03462717981928673,CUSTO NÃO APROVADO,APROVADO AUTOMATICAMENTE
427259,535517,0.026912177461788356,-0.044433426666771685,-0.04640085874091093,0.10093214870742549,0.008451732914480974,-0.011934854066551679,0.02927041078779374,-0.01708088517861448,-0.007987521452064435,0.0715653474473683,-0.012839410643667839,0.03462717981928673,APROVADO COM JUSTIFICATIVA SETOR CUSTOS,APROVADO AUTOMATICAMENTE
486140,571485,0.026912177461788356,-0.027433420509427233,-0.02284230054288286,-0.4716423518865253,-0.5145787414559948,-0.011934854066551679,-0.134865541989729,-0.13878398966345565,-0.026290842013371084,0.0715653474473683,-0.012839410643667839,0.03462717981928673,APROVADO COM JUSTIFICATIVA SETOR CUSTOS,REQUER JUSTIFICATIVA FABRICA
444084,542349,0.026912177461788356,-0.0363381856394648,-0.0351824976942309,0.47142153144468774,0.36803518404418306,-0.011934854066551679,-0.03857244969358233,-0.009629674699950738,-0.013337722846907919,0.0715653474473683,-0.012839410643667839,0.03462717981928673,APROVADO COM JUSTIFICATIVA SETOR CUSTOS,APROVADO AUTOMATICAMENTE
486942,573115,0.026912177461788356,-0.044433426666771685,-0.04527902263624293,0.5051023844208025,0.4334139933404926,-0.011934854066551679,-0.014499176619545664,-0.014597148352393235,-0.018406334694654376,-0.2202234962087326,-0.012839410643667839,0.03462717981928673,APROVADO COM JUSTIFICATIVA SETOR CUSTOS,APROVADO AUTOMATICAMENTE
443077,546358,0.026912177461788356,-0.044433426666771685,-0.060984728101594984,0.303017266564114,0.2045881608034094,-0.011934854066551679,-0.0013683003973438384,-0.022048358831056977,-0.008832290093355512,0.0715653474473683,-0.012839410643667839,0.03462717981928673,REQUER JUSTIFICATIVA FABRICA,APROVADO COM JUSTIFICATIVA SETOR CUSTOS
486973,573149,0.026912177461788356,-0.03390961333127274,-0.030695153275558888,-0.10115296914926304,-0.12230588567813795,-0.011934854066551679,-0.1304885832489951,-0.10401167409635818,-0.0175615660533633,0.0715653474473683,-0.012839410643667839,0.03462717981928673,CUSTO NÃO APROVADO,APROVADO AUTOMATICAMENTE
497147,578839,0.026912177461788356,-0.044433426666771685,-0.04640085874091093,0.10093214870742549,-0.02423767173367375,-0.011934854066551679,0.0467782457507295,-0.03446704296216322,-0.015872028770781147,-0.2202234962087326,-0.012839410643667839,0.03462717981928673,CUSTO NÃO APROVADO,APROVADO AUTOMATICAMENTE
434668,539500,0.026912177461788356,-0.08086201128965267,-0.0968834834509711,-0.8421317346237875,-0.22037409962260218,-0.011934854066551679,-0.1304885832489951,-0.17107256840433188,-0.02291176744820678,0.0715653474473683,-0.012839410643667839,0.03462717981928673,REQUER JUSTIFICATIVA FABRICA,APROVADO COM JUSTIFICATIVA SETOR CUSTOS
451410,544088,0.026912177461788356,-0.044433426666771685,-0.0351824976942309,0.47142153144468774,0.17189875615525468,-0.011934854066551679,0.0467782457507295,-0.009629674699950738,-0.009113879640452537,0.0715653474473683,-0.012839410643667839,-0.522849055119182,REQUER JUSTIFICATIVA FABRICA,APROVADO AUTOMATICAMENTE
424552,534023,0.026912177461788356,-0.07924296308419129,-0.066593908624935,-0.6737274697432138,-0.02423767173367375,-0.011934854066551679,-0.1436194594711969,-0.19590993666654435,-0.027135610654662162,0.0715653474473683,-0.012839410643667839,0.03462717981928673,REQUER JUSTIFICATIVA FABRICA,APROVADO COM JUSTIFICATIVA SETOR CUSTOS
470960,562587,0.026912177461788356,-0.044433426666771685,-0.04640085874091093,-0.6063657637909843,-0.7107151693449233,-0.011934854066551679,0.00957409645449101,-0.009629674699950738,-0.013337722846907919,0.0715653474473683,-0.012839410643667839,0.03462717981928673,APROVADO AUTOMATICAMENTE,APROVADO COM JUSTIFICATIVA SETOR CUSTOS
413126,526523,0.026912177461788356,-0.02824294461215792,-0.014989447810206833,-1.0105359995043612,-0.48188933680784013,-0.011934854066551679,-0.12392314513789417,-0.14126772648967692,-0.018406334694654376,0.0715653474473683,-0.012839410643667839,0.03462717981928673,APROVADO AUTOMATICAMENTE,REQUER JUSTIFICATIVA FABRICA
497731,579488,0.026912177461788356,-0.044433426666771685,-0.04864453095024694,0.10093214870742549,-0.02423767173367375,-0.011934854066551679,0.07522847756550012,0.04749627230313797,-0.007987521452064435,-0.2202234962087326,-0.012839410643667839,0.03462717981928673,REQUER JUSTIFICATIVA FABRICA,APROVADO AUTOMATICAMENTE
427909,535408,0.026912177461788356,-0.02824294461215792,-0.02284230054288286,-0.774770028671558,-0.12230588567813795,-0.011934854066551679,-0.10860378954532536,-0.11891409505368565,-0.014745670582393044,0.0715653474473683,-0.012839410643667839,0.03462717981928673,APROVADO AUTOMATICAMENTE,APROVADO COM JUSTIFICATIVA SETOR CUSTOS
436144,539803,0.026912177461788356,-0.026623896406696542,-0.021720464438214855,0.9429534731102942,0.891065658414659,-0.011934854066551679,0.027081931417426774,-0.009629674699950738,0.002431291790525503,0.0715653474473683,-0.012839410643667839,0.03462717981928673,APROVADO COM JUSTIFICATIVA SETOR CUSTOS,REQUER JUSTIFICATIVA FABRICA
